field,unique_values,unique_pct
Unnamed: 0,1296675,100.0
trans_num,1296675,100.0
merch_long,1275745,98.3858715560954
unix_time,1274823,98.31476661461045
trans_date_trans_time,1274791,98.31229876414676
merch_lat,1247805,96.23112961998959
amt,52928,4.081824666936588
street,983,0.07580928143135326
cc_num,983,0.07580928143135326
zip,970,0.07480671718048085
long,969,0.07472959685349066
dob,968,0.07465247652650048
lat,968,0.07465247652650048
city,894,0.06894557232922667
city_pop,879,0.06778876742437388
merchant,693,0.0534443866041992
job,494,0.0380974415331521
last,481,0.03709487728227968
first,352,0.027146355100545628
state,51,0.003933136676499509
category,14,0.0010796845778626102
gender,2,0.00015424065398037288
is_fraud,2,0.00015424065398037288
